Id,Age,Gender,Hand
P0001
P0002
P0002,21,female,r
P0003
P0004
P0004,22,other,right
P0005
P0006
P0007
P0007,23,female,r
P0008
P0009
P0009,23,other,r
P0001
P0001,32,other,r
P0001
P0001,23,female,r
P0001
P0001
P0001,23,female,r
P0001
P0001
P0001,22 ,other,right
P0001
P0001
P0001,25,female,r
P0001
P0001,25,other,r
P0001
P0001,34,female,r
P0001
<built-in function id>,23,other,r
P0001
<built-in function id>,18,other,r
P0001
<built-in function id>,21,female,r
P0001
P0001
P0001
P0001,25,female,r
P0001
P0001
P0001,25,other,r
P0001
P0001
P0001,89,female,left
P0001
P0001
P0001
P0002
P0002,18,other,right
P0002
